"uuid","repository link","title","author","contributor","publication year","abstract","subject topic","language","publication type","publisher","isbn","issn","patent","patent status","bibliographic note","access restriction","embargo date","faculty","department","research group","programme","project","coordinates"
"uuid:00d4fe63-7adc-43d2-948c-bbe883e3b84d","http://resolver.tudelft.nl/uuid:00d4fe63-7adc-43d2-948c-bbe883e3b84d","Het dubbele verlangen van theater","Jansen, R.","Havik, K.M. (mentor); Engels, J.F. (mentor); Veldhuisen, S. (mentor); Komossa, S. (mentor)","2008","","","nl","master thesis","TU Delft, Architecture","","","","","","","","Architecture","","","","",""
"uuid:c5a5e64a-e865-4bc4-96e5-b2d583e0dcd9","http://resolver.tudelft.nl/uuid:c5a5e64a-e865-4bc4-96e5-b2d583e0dcd9","Fierljeppen over de Amsterdamsevaart: Living and working in urban wastelands","Nuitermans, M.","Van Zwol, J. (mentor); Cuperus, Y. (mentor)","2008","Met als bijlage: A0 poster. Een industriegebied, sterk gescheiden van woonwijken door de A200, aan de grens van een groot herstructureringsplan en afgescheiden van een recreatieplas door het drukke verkeer over de ceintuurbaan. Op de grens van wonen en werken, met ideale aanslutiging op de infrastructuur maar tegelijkertijd daardoor gehinderd voor toepassingen. In deze situatie komt het plan te staan voor een grootschalig verzamelgebouw, waarin wonen en werken gecombineerd wordt en de oversteek van de snelweg benut wordt als kwaliteit en als instrument voor vergroting van flexibiliteit van functies in het complex.","woon-werk; urban wastelands; dwellings","nl","master thesis","TU Delft, Architecture, Architecture","","","","","","","","Architecture","","","","",""
"uuid:73773e7e-33f0-4546-95dd-402f61916a66","http://resolver.tudelft.nl/uuid:73773e7e-33f0-4546-95dd-402f61916a66","Op het breukvlak","Van Beek, E.","Havik, K. (mentor); Engels, J. (mentor); Komossa, S. (mentor); Velthuisen, S. (mentor)","2008","Met als bijlage: A0 poster","breukvlak; conservatorium; Petroleumhaven; Laakhaven","nl","master thesis","TU Delft, Architecture, Architecture","","","","","","","","Architecture","","","","",""
"uuid:5731bb4d-aa69-40ef-9cd3-80a770d89cf6","http://resolver.tudelft.nl/uuid:5731bb4d-aa69-40ef-9cd3-80a770d89cf6","On the use of Spaceborne Remote Sensing for Archaeology: A case study on early iron production sites at the Jordan Valley","Dentz, F.J.","Hanssen, R.F. (mentor); Perski, Z.A. (mentor)","2008","The purpose of this research was to investigate the surroundings of the Jordan Valley in Jordan with a large variety of spaceborne remote sensing data to examine the potential of this technique for the application of archaeology in general. The Jordan Valley is a region where many archaeological remains have been discovered, such as ancient settlements, old irrigation systems, and remains of early iron production. The used data sources includes multispectral (ASTER), hyperspectral (Hyperion), high-resolution (Quickbird), and radar data (ERS, Envisat and SIR-C). ASTER and Hyperion data are used to investigate the mineralogical content of the soil, whereas pan-sharpened Quickbird imagery is used to reveal the smallest structures in the landscape. Spectral field measurements are carried out as well for collecting groundtruth information. Radar (SAR) is used to map the terrain texture. Spaceborne remote sensing appears to be capable to map the known archaeological sites, showing its potential for the use in unexplored areas. However, the Jordan Valley itself is an area that is well known, and most archaeologically interesting features visible at the surface there are already documented, also detailed geological maps are available. No new discoveries therefore have been made.","remote sensing; archaeology; geology","en","master thesis","TU Delft, Aerospace Engineering, Mathematical Geodesy and Positiong","","","","","","","","Aerospace Engineering","","","","",""
"uuid:d1a602d8-d0b9-4cff-b382-e604fafa8b2f","http://resolver.tudelft.nl/uuid:d1a602d8-d0b9-4cff-b382-e604fafa8b2f","RAC-hallen: Poppodium","Poelstra, S.L.A.","Havik, K. (mentor); Engels, J. (mentor); Komossa, S. (mentor)","2008","Met als bijlage: A0 poster. Powerpoint eindpresentatie MSc4","RAC; poppodium; damwand; kelder","nl","master thesis","TU Delft. Architecture, Archirecture","","","","","","","","Architecture","","","","",""
"uuid:c11d836b-3793-405c-84eb-50eef784798e","http://resolver.tudelft.nl/uuid:c11d836b-3793-405c-84eb-50eef784798e","GePASte dans voor Laakhaven","Van Hees, M.","","2008","","","nl","master thesis","TU Delft, Architecture, Architecture","","","","","","","","Architecture","","","","",""
"uuid:a3888149-3860-40dd-9325-8d726f8462b2","http://resolver.tudelft.nl/uuid:a3888149-3860-40dd-9325-8d726f8462b2","Pattern Line Object(s)","Brader, M.","Geerts, F. (mentor); Milano, S. (mentor); Gipser, O. (mentor)","2008","Het afstudeerproject Pattern_Line_Object(s) beslaat het inrichten van een restgebied gelegen tussen het spoor en de snelweg (A20). Beide infrastructurele banen zijn op een talud gelegen. Het gat in het stedelijke weefsel wordt opgevuld met een weloverwogen compositorische samenstelling: Pattern Line Object(s). Deze compositie maakt gebruik van de banaliteit van het perifere landschap en versterkt deze op verscheidene momenten. De bereikbaarheid van het gebied wordt uitgebuit, op een wijze waarbij een omschrijving als park & ride of transferium een understatement zouden zijn. Het gebied doorgaat een transformatie van een onbereikbaar en verwaarloosd stuk stadsrand tot entree gebied voor Schiedam en Rotterdam. Dit wordt niet alleen op infrastructureel maar ook op visueel niveau bewerkstelligd.","transferium; compositie; Schiedam; infrastructure","en","master thesis","TU Delft, Architecture, Architecture","","","","","","","","Architecture","","","","",""
"uuid:88748504-cd05-4ed2-83d2-4fa0c9a126a5","http://resolver.tudelft.nl/uuid:88748504-cd05-4ed2-83d2-4fa0c9a126a5","A project for a secondary school in Amsterdam North: The reference in the city and the inner world","Donato, L.","Stuhlmacher, M. (mentor); Holst, S. (mentor); Janssen, R. (mentor)","2008","The school is a reference in the city and an inner world. Designing a school today means to take into account these two important issues. The program of the building is constituted by different departments (havo, vmbo and vwo). The students attending them come from different ethnical, social and culctural groups. In the past serious problems of tollerance and integration among them occourred. Furthermore the site, the Ij Plein is a very peculiar part of a debated neighbourhood in Amsterdam The challenge of the design is to bring all the students together within the school building, introducing flexibile","school","en","master thesis","","","","","","","","","Architecture","Architecture","","","",""
"uuid:1cbb3ab0-3e66-46bf-a482-dc9faf9efbf8","http://resolver.tudelft.nl/uuid:1cbb3ab0-3e66-46bf-a482-dc9faf9efbf8","Vergunningenmanagement: Management van bestuursrechtelijke wet- en regelgeving bij ruimtelijke ontwikkelingsprojecten in stedelijke content","Meijsing, D.C.M.","Lousberg, L.H.M.J. (mentor); Schutte-Postma, E.T. (mentor); Otte, G. (mentor); Niemann, J. (mentor)","2008","Ruimtelijke ontwikkelingsprojecten in stedelijke context zijn complexe opgaven. Dit hangt samen met de steeds schaarser wordende ruimte in Nederland, juridische regelverdichting en steeds mondiger wordende omwonenden. Projectmanagers hebben de taak dit soort ontwikkelingsprojecten succesvol te laten verlopen. Een onderdeel van deze taak is de aansturing van het vergunningtraject, vergunningenmanagement genoemd. Het blijkt in de praktijk nog al eens mis te gaan bij omgang met de bestuursrechtelijke wet- en regelgeving tijdens het vergunningtraject. Dit met grote gevolgen voor het ontwikkelingsproces. Dit afstudeeronderzoek is een verkennende studie naar de knelpunten die zich voordoen tijdens het vergunningtraject van ruimtelijke ontwikkelingsprojecten. De doelstelling van het onderzoek is inzicht verkrijgen in deze knelpunten, om vervolgens een bijdrage te leveren aan het terugdringen van de storingen. Deze doelstelling wordt bereikt door het geven van vorm en inhoud aan het begrip vergunningenmanagement, het aandragen van oplossingen voor de knelpunten in het vergunningtraject en het doen van aanbevelingen richting de bouwpraktijk. Methodiek Tijdens het onderzoek verschillende onderzoeksmethoden toegepast. Er is literatuuronderzoek gedaan naar de kenmerken van ruimtelijke ontwikkelingsprojecten en naar verschillende managementmethoden die toepasbaar zijn bij de aansturing van ontwikkelingsprojecten en het vergunningtraject in het bijzonder. Vervolgens is er een ordening gemaakt van de meest relevante wetgeving en procedures waarmee men te maken kan krijgen tijdens het vergunningtraject, waarbij het accent is gelegd op woningbouwprojecten. Er is een casusonderzoek uitgevoerd aan de hand van een aantal woningbouwprojecten en er zijn interviews gehouden onder zowel private als publieke partijen. Met het casusonderzoek en de interviews is inzicht verkregen in de knelpunten en storingen die zich voordoen tijdens het vergunningtraject en mogelijke oplossingen daarvoor. Conclusies Uit het onderzoek is gebleken dat de complexiteit van de wet- en regelgeving en de rol van de gemeente in het vergunningtraject als knelpunt worden gezien. Hiernaast zijn een aantal specifieke momenten in het vergunningtraject aangeduid als knelpunt. Deze zijn de onduidelijkheid betreffende indieningsvereisten bij vergunningaanvragen, de lengte en onvoorspelbaarheid van behandeltermijnen en bezwaarprocedures. De vrijstellingprocedure volgens artikel 19 van de Wet op de Ruimtelijke Ordening wordt gezien als specifieke regelgeving waarbij de bovenstaande knelpunten regelmatig voorkomen. Het gevolg van de bovengenoemde knelpunten is dat er storingen optreden in het ontwikkelingsproces. Deze storingen doen zich voor in de vorm van vertragingen en overschrijdingen van de financiele begroting. In het ergste geval zorgen de knelpunten voor het volledig beeindigen van het ontwikkelingsproces. Door het toepassen van vergunningenmanagement kan de projectmanager deze storingen terugdringen. Vergunningenmanagement moet hierbij worden gezien als een weldoordachte manier van handelen bij het organiseren en coordineren van alle activiteiten in het vergunningtraject. In het begin van het vergunningtraject moet er rekening gehouden worden met een groot aantal verschillende factoren, zoals toepasselijke wet- en regelgeving, politiek draagvlak en maatschappelijke belangen. Deze fase van het vergunningtraject vraagt om een procesmatige managementbenadering. Naarmate het vergunningtraject vordert worden de randvoorwaarden duidelijk er wordt er inzicht verkregen in welke juridische procedures er gevolgd moeten worden. In de loop van het vergunningtraject zal de procesmatige aanpak plaats maken voor een meer project matige aanpak: projectmanagement. Uit het onderzoek zijn een aantal oplossingen naar voren gekomen die door de projectmanager geimplementeerd kunnen worden bij de aansturing van het vergunningtraject. Deze oplossingen zijn in het concluderend deel van dit rapport opgenomen. In het Adviesrapport Vergunningenmanagement is dit onderzoeksrapport 'vertaald' naar een document voor de bouwpraktijk. Hierin komen de resultaten uit het onderzoek terug en worden deze geillustreerd door pragmatische tips en verwijzingen.","vergunningen; vergunningenmanagement; management; proces; binnenstedelijk","nl","master thesis","TU Delft, Architecture, Real Estate & Housing","","","","","","","","Architecture","","","","",""
"uuid:331ef960-b6d9-4eb2-88c1-e49d28280ed2","http://resolver.tudelft.nl/uuid:331ef960-b6d9-4eb2-88c1-e49d28280ed2","Adontectuur - architentuur","Post, J.","Nottrot, R.J. (mentor); van Dooren, E.J.G.C. (mentor); Olsthoorn, B.M. (mentor); Heintz, J.L. (mentor); Hobbelman, G.J. (mentor)","2008","Adontectuur. De schoonheidslessen van de tabernakel-reconstructie. Dit boek beschrijft in eerste instantie de wonderlijke en oude tabernakel (1400BC). Hierbij worden verschillende reconstructies bekeken en worden aangevuld c.q. verbeterd met nieuwe inzichten. Naast de historische beschouwing wordt een bouwkundige en architectonische analyse verricht, om te bepalen of het een op zichzelf staand ontwerp is geweest van Adonai (G•d). Dit wordt gedaan door de tabernakel te vergelijken met de culturen uit verschillende tijden en plekken. Met de waarden en kwaliteiten van het stoffelijke (materialen) en onstoffelijke deel (concepten), wordt beschreven wat de betekenis van de tabernakel is in deze tijd. De oude tent wordt zo betrokken bij de discussie over schoonheid. Kortom gaat het over de vragen of de tabernakel wetenschappelijk geloofwaardig is; welke achterliggende ideehebben het gebouw vorm gegeven en heeft de tabernakel eeuwige karaktereigenschappen en ideeen van geluk? Zal deze goddelijke structuur een sleutelrol spelen in de toekomst? De thesis is in hoofdzaak een wetenschappelijke reconstructie van de tabernakel; een prefab en demontabele woning, die door G.d zelf is ontworpen (volgens het boek Exodus in de bijbel). Dit merkwaardige bestek in de bijbel van 3500 jaar oud is zeer uitgebreid en de vraag rijst: waarom al die aandacht voor een tent, en wat is hier zo goddelijk aan? Is dit een sleutelproject voor het verleden en het heden? In de thesis wordt ingegaan op de fysieke en non-fysieke tabernakel-eigenschappen, met als afsluiting een essay over de betekenis van goddelijke architectuur voor deze tijd; het schoonheidsconcept voor de toekomst. Schoonheid is hierin niet meer dan een visie op geluk. Zij prikkelt de zintuigen om te bezinnen. De geluksvisie van de tabernakel (G.d) was een omhelzend karakter dat spreekt over zelfopofferende liefde. Deze deugden zijn meegenomen in het huidige tentontwerp. Naast het historische precedent, is ook vanuit de maatschappij aanleiding om een rustgevend/bezinnend programma met decor (ontwerp) te bedenken. Onze jachtige tijd heeft korte consumptiehelden en onse geest wordt voor het merendeel geprikkelt van buitenaf. De tegenhanger van deze amusementsgekte is een bezinnend en omhelzend concept, om de maatschappij in balans te brengen (geluk).","adontectuur; tabernakel; schoonheid; beauty; god","nl","master thesis","TU Delft, Architecture, Architecture","","","","","","","","Architecture","","","","",""
"uuid:df7cb2b7-2d08-450d-ae88-2681f790c942","http://resolver.tudelft.nl/uuid:df7cb2b7-2d08-450d-ae88-2681f790c942","The influence of dislocations on magnetic properties in steel: Magnetisation curve and magnetic Barkhausen effect in relation to deformation and recovery in C-Mn and IF steel","Volkers, R.","Sietsma, J. (mentor); Zhau, L. (mentor)","2008","","","en","master thesis","","","","","","","","","Mechanical, Maritime and Materials Engineering","Technische Materiaalwetenschappen","","","",""
"uuid:b99999eb-8238-4a44-a339-b27d96f556b2","http://resolver.tudelft.nl/uuid:b99999eb-8238-4a44-a339-b27d96f556b2","Wonen aan de Nieuwe Mark te Breda","Valkenaars, M.","Leupen, B.A.J. (mentor); Cuperus, Y.J. (mentor)","2008","","Breda","nl","master thesis","TU Delft, Architecture, Architecture","","","","","","","","Architecture","","","","",""
"uuid:afed91af-e459-4b88-b5ac-fcdd756443f4","http://resolver.tudelft.nl/uuid:afed91af-e459-4b88-b5ac-fcdd756443f4","Lapidarium","Kania, K.D.","Schoonderbeek, M. (mentor); Sohn, H. (mentor)","2008","Met als bijlage: A0 poster. Graduation project combined with the mapping methode. The form of the project is based on the combinations of the perspectives and textures of the city.","perception; perspective","en","master thesis","TU Delft, Architecture, Architecture","","","","","","","","Architecture","","","","",""
"uuid:26a9bb09-2813-461c-b9b8-9ae01b541d34","http://resolver.tudelft.nl/uuid:26a9bb09-2813-461c-b9b8-9ae01b541d34","Sound Museum Kaliningrad","Nieveen, R.","Schoonderbeek, M. (mentor); Ganchrow, R. (mentor); Hoekstra, F. (mentor)","2008","As attachment: A0 poster. My research deals with translations of sounds into notations which are then used to design spatial experiences. During the spring of 2006 I recorded sounds with a digital photo camera (CANON Powershot A85) in the old city centre of Kaliningrad, a former Prussian city in a Russian exclave. The research location is based on a stretched lake which is dividing the area in two parts with four bridges. I made a 24h sound recording session on these bridges at points which are parallel and perpendicular to these bridges. For the first abstraction of the sounds I used a basic music software program called Wavesurfer 1.8.5 which visualises sound into a traditional notation based on pitch on the vertical axis versus time on the horizontal axis. To highlight the most clear frequencies on the recordings I replaced the dark spots of the first abstraction with lines and rectangles in the second abstraction. Because the recordings of the digital camera where attached to pictures it was simple to relocate the sounds to their points in the location and to visualise the exact time and duration of each recording. After several experiments of setting out the most evident characteristics of sound such as pitch, time, duration and range in space I developed three main notations which are representing all sounds in three sequences; morning, afternoon and evening. These notations could be seen as visualisations of spatial qualities within its specific location and are exploring the traditional field of architectural notations. WORKING METHOD: Sounds_1 > Notations ------- Notations > Sounds_2--------Notations > Space--------space > Sounds_3. I see my building as a Concerto, seemingly fragmented, (only) understandable by listening. Navigation through the museum is sound related. Perception of time in all scale levels (lifetime/years/seasons/months/weeks/days/hours/min/sec) most fundamental element in experiencing the museum. The museum is a soundboard of reality, containing the inevitability of change. Developing the building has been a result of interpretation combined with the various translations of the notations. The shape of the museum consists of 37 boxes which are floating on various heights and angles in the location. All 37 boxes have their walls perpendicular to its roof and floor surface but are rotated on 2 different angles. No hierarchy in corners, horizontal and vertical are of the same order. Goal of this is to disorient the visitors and to strengthen the awareness of the senses. The spaces in between these intersecting boxes becomes a filter (opens up) so it can be used to go from one space to the other. Every plane in space which is intersecting another box is used to design lighting and other additional elements which I call extension lines. These lines can be used as orientation lines, every line is corresponding to a plane in space parallel and perpendicular to the viewer.","sound museum Kaliningrad","en","master thesis","TU Delft, Architecture, Architecture","","","","","","","","Architecture","","","","",""
"uuid:34dea603-5f90-44af-b721-13686a661a49","http://resolver.tudelft.nl/uuid:34dea603-5f90-44af-b721-13686a661a49","Project SPAMAM Rotterdam","Van der Linden, J.","De Wit, L. (mentor); van Dooren, E. (mentor); Plomp, H. (mentor)","2008","","","nl","master thesis","TU Delft, Architecture, Architecture","","","","","","","","Architecture","","","","",""
"uuid:b0a95839-a9ce-4215-8a41-9fb91b873178","http://resolver.tudelft.nl/uuid:b0a95839-a9ce-4215-8a41-9fb91b873178","New Amsterdam Craft School","De Ruiter, E.J.","Stuhlmacher, M.S. (mentor); Schreurs, E.P.N. (mentor); Van de Voort, J.A. (mentor); Korteknie, R. (mentor)","2008","Een gebouw ontworpen voor de nieuwe generatie ambachtsschool in Amsterdam Noord op de NDSM werf A building designed for the new generation craftsschool in Amsterdam North on the NDSM wharf","Ambacht; Ambachtsschool; Craft; Craftsschool; NDSM; Harbour; Harbourachitecture; Haven; Havenarchitectuur","en","master thesis","","","","","","","","2010-02-20","Architecture","Interiors Buildings and Cities","","","",""
"uuid:7d41c07a-3927-4144-91fa-b7c4308ef245","http://resolver.tudelft.nl/uuid:7d41c07a-3927-4144-91fa-b7c4308ef245","New Algorithms for the Simple Temporal Problem","Planken, L.R.","Witteveen, C. (mentor); De Weerdt, M.M. (mentor)","2008","","stp; stn; simple temporal problem; simple temporal network; p3c; ippc","en","master thesis","","","","","","","","","Electrical Engineering, Mathematics and Computer Science","Software Technology","","Algorithmics","",""
"uuid:e0041dae-8ec9-4549-8c79-be35b4141d6c","http://resolver.tudelft.nl/uuid:e0041dae-8ec9-4549-8c79-be35b4141d6c","Rotterdam Kashaven: Glastuinbouw in de stedelijke omgeving","Freeling, M.","Van der Hoeven, F.D. (mentor); Duijvestein, C.A.J. (mentor); de Jong, T.M. (mentor)","2008","Met bijlage: A0 poster. Aan de basis van dit onderzoek staan twee vragen: 1. In welke vorm kunnen kassen duurzaam geintegreerd worden in de stedelijk omgeving? 2. In welke vorm kunnen kassen duurzaam geintegreerd worden in Rotterdam Fruitport?","glastuinbouw; kassen; etfe; bewustwording","nl","master thesis","TU Delft, Architecture, Urbanism","","","","","","","","Architecture","","","","",""
"uuid:3bd04df1-6392-4837-8d19-c4b5d4a3a84d","http://resolver.tudelft.nl/uuid:3bd04df1-6392-4837-8d19-c4b5d4a3a84d","Temporal Reasoning Problems and Algorithms for Solving Them: Literature survey","Planken, L.R.","Witteveen, C. (mentor); De Weerdt, M.M. (mentor)","2008","","stp; dtp; tcsp; temporal reasoning","en","master thesis","","","","","","","","","Electrical Engineering, Mathematics and Computer Science","Software Technology","","Algorithmics","",""
"uuid:329031b5-09bb-4bfd-a662-6cfe19612a83","http://resolver.tudelft.nl/uuid:329031b5-09bb-4bfd-a662-6cfe19612a83","Een intieme Omhulling, huis voor de dans Amsterdam Noord","Homs, W.","Loehmann, H. (mentor); Meijs, M. (mentor)","2008","Met als bijlage: A0 poster. ""...enduring interest should begin with the original amazement of a naive observer. Is it possible for a creature to remain alive inside stone, inside this piece of stone?"" Dit citaat uit het boek The Poetics of Space van Gaston Bachelard (1958) is het leidende thema geworden van het ontwerp voor het Danshuis. Wat voor omhulling heeft de danser nodig om geinspireerd te worden bij het maken van een Choreografie? Door een uitgebreid onderzoek naar de eisen van de danser en zijn beleving en waarneming van de ruimte, is het idee ontstaan van de omhulling als ruimtelijk element. De gevel heeft theoretisch gezien een dikte waarin functies opgenomen zijn. [schemas] Het biedt ruimte aan service functies zoals kleedkamers, verkeersruimte en installaties, maar kan ook onderdeel worden van de buitenruimte zoals bij de loggias in de gevel en de buitenkamers aan het binnenplein. De loggias bieden intimiteit en frisse lucht voor de dansers en brengen tegelijkertijd de gevel tot leven. Het indirecte licht dat door de omhulling binnen gelaten wordt is praktisch voor de danser die zo niet afgeleid wordt door de buitenwereld. Dansers beleven en gebruiken de ruimte veel intenser dan de meeste mensen, ze liggen op de vloer, aaien de wand en springen hoog in de lucht. Emotioneel en zintuiglijk zijn ze veel meer verbonden met de ruimte waardoor materialisering, licht en textuur van groot belang is. De massief bakstenen gevel gaat in de binnen ruimte een confrontatie aan met de betonnen hoofddraagconstructie. Een afwisseling van textuur, kleur en lichtinval zorgt voor een afwisseling in ervaring en emotie. Betonkernactivering zorgt in de wand en het plafond voor een aangename stralingswarmte en een prettig oppervlak om tegenaan te leunen. Naast de studios zijn er toegevoegde functies, Fitness, Discotheek, Bar, Thermaal bad en het Theater, die zorgen voor de nodige ontspanning voor de danser. Deze functies zijn ook publiek toegankelijk wat zorgt voor extra financi draagkracht. De publieke functies liggen aan de buitenruimtes om het gebouw heen die ook gebruikt kunnen worden als spontane oefenruimtes. De studios zijn ondergebracht in drie torens die als metafoor staan voor dansende lichamen aan het IJ, de volumes van de torens gaan een relatie met elkaar aan door verbindingen met bruggen op verschillende niveaus. In die bruggen kunnen dansers hun rek en strek oefeningen doen zodat er een visuele relatie ontstaat tussen bezoeker en danser. De kleine foyer en de kantine vormen het centrale ontmoetingspunt tussen danser en publiek in het gebouw. Het karakter van het gebouw verwijst terug naar het industri verleden van de havens. Een representatieve toevoeging in de culturele ontwikkeling aan de noord oever van het IJ naast de NDSM werf, het nieuwe filmmuseum en het culturele centrum in noord.","dans; interior; theorie; waarneming; Amsterdam","en","master thesis","TU Delft, Architecture, Architecture","","","","","","","","Architecture","","","","",""
"uuid:1549b737-87d5-45b8-9dc0-ecbe446fe4a0","http://resolver.tudelft.nl/uuid:1549b737-87d5-45b8-9dc0-ecbe446fe4a0","Transformatie voormalig Noorderpershuis te Antwerpen","Dijkstra, W.","","2008","Met als bijlage: A0 poster","","nl","master thesis","TU Delft, Architecture, Architecture","","","","","","","","Architecture","","","","",""
"uuid:453bebd6-b3d4-4cb6-b6b0-bb5a260447ee","http://resolver.tudelft.nl/uuid:453bebd6-b3d4-4cb6-b6b0-bb5a260447ee","Gezonde wijken voor kinderen: De relatie tussen fysieke kenmerken van de woonomgeving en gezond beweeggedrag van kinderen van 10-12 jaar","Reek, M.A.","Van Oel, C.J. (mentor); Rooij, R.M. (mentor)","2008","Een onderzoek naar de kenmerken van het stedenbouwkundig plan, die een bijdrage kunnen leveren aan het realiseren van een woonomgeving die het gezond beweeggedrag van kinderen van 10-12 jaar stimuleert.","gezond beweeggedrag; kinderen; woonomgeving; overgewicht","nl","master thesis","TU Delft, Architecture, Real Estate & Housing","","","","","","","","Architecture","","","","",""
"uuid:09e2f2e9-80bf-43cf-ba60-5bde1de67503","http://resolver.tudelft.nl/uuid:09e2f2e9-80bf-43cf-ba60-5bde1de67503","Center for performing arts","Quast, P.","Komossa, S. (mentor); Engels, J. (mentor); Havik, K. (mentor)","2008","Met als bijlage: A0 poster","","nl","master thesis","TU Delft, Architecture, Architecture","","","","","","","","Architecture","","","","",""
"uuid:a2f8b217-92f1-4631-ae73-5bf95fab01de","http://resolver.tudelft.nl/uuid:a2f8b217-92f1-4631-ae73-5bf95fab01de","De kwaliteit van wonen in stedelijke dichtheid: ""Almere groen en stedelijk""","Hermans, L.","Kuitenbrouwer, P.A.M. (mentor)","2008","A0 poster enclosed","kwaliteit","nl","master thesis","TU Delft, Architecture, Architecture","","","","","","","","Architecture","","","","",""
"uuid:14c33bd7-a7be-48cf-ac9a-739eb787a3cd","http://resolver.tudelft.nl/uuid:14c33bd7-a7be-48cf-ac9a-739eb787a3cd","E&ZO: Ontwerp van een publieke passage","Hillen, J.W.","Komossa, S. (mentor); Engels, J. (mentor); Havik, K. (mentor)","2008","Met als bijlage: A0 poster. Rotterdam is reorganizing. Rebuild after the war with a modernist approach, the city finds itself today unable to compete with large cities like Amsterdam and Utrecht. A new vision concentrates on intensifying dwelling in the center and making this center grow with new public buildings at its borders. In between the Westblaak street and the Witte de With street the transition between city scale and small town scale is abruptly made. Different sides have very different identities. The horizontal movement of the heavy traffic on the Westblaak contradicts the lounging public on the Witte de With. The small bars and exhibition spaces at this street ask for contemplation while the offices on Westblaak regulate a 9-5 efficiency of haste and appointments. Choosing practically dissociated but socially related functions to be combined in one building that connects both worlds is a design study on new public domain in direct relation to architecture. The E&ZO twists from plan to section, from rigid to spacial, from a supported facade to a supporting facade. The center of this twist is formed by a public passage where all functions meet, where design approaches twine, where new public domain is stimulated. Sections show the identities of the different design approaches on the building and details tell the story of E&ZO. Every design approach starts on the smallest scale. This way the idea of a facade that is first supported by the building but in other places supports the building itself can be elaborated tectonically. Another example is the main auditiorium which extends outside the building. A moving facade opens the building and expands its space, connecting inside and outside. E&ZO stimulates new public domain with a twist.","twist","nl","master thesis","TU Delft, Architecture, Architecture","","","","","","","","Architecture","","","","",""
"uuid:66499a14-0be6-4cd3-837f-68c300f63e0a","http://resolver.tudelft.nl/uuid:66499a14-0be6-4cd3-837f-68c300f63e0a","Onderzoek naar uitwisseling van wonen en werken bij vaste ontsluiting","Bloemen, D.","Knappers, R. (mentor); van Zwol, J. (mentor)","2008","Onderzoek naar verschillende ontsluitingen bij verschillende functie om uiteindelijk een ontsluiting te abstraheren waarbij functieuitwisseling mogelijk is","uitwisseling","nl","master thesis","TU Delft, Architecture, Architecture","","","","","","","","Architecture","","","","",""
"uuid:d37e72bb-25fe-40a0-8110-324e5634ad52","http://resolver.tudelft.nl/uuid:d37e72bb-25fe-40a0-8110-324e5634ad52","Flexibel contract of contractuele flexibiliteit?: Een handleiding voor flexibiliteit in DBFMO projecten","Verboom, J.A.","Geraedts, R. (mentor); Hobma, F. (mentor); Rijksgebouwendienst (contributor)","2008","DBFMO staat voor Design, Build, Finance,Maintain and Operate, oftewel Ontwerp, Bouw, Financiering, Onderhoud en Dienstverlening. Dit is een nieuw soort contractvorm, waarbij eigenlijk alle onderdelen van een gebouw door marktpartij zullen worden afgehandeld. In de huidige situatie is het vaak zo, dat een opdrachtgever een nieuw gebouw wil hebben. Er wordt eerst een architect ingeschakeld, die een ontwerp maakt, vervolgens wordt daar een aannemer ingehuurd, om het gebouw te realiseren. Er wordt een bank gezocht om een hypotheek of ander soort lening mee af te sluiten voor de financiering. Wanneer het gebouw in gebruik genomen wordt moet er periodiek partij zijn, die het onderhoud van het gebouw zal gaan verzorgen, zoals het schilderen van ramen en dergelijke. Tevens zullen er partijen gezocht worden die de facilitaire dienstverlening, zoals schoonmaak en catering, op zich gaan nemen. Bij een DBFMO-contract worden al deze zaken door partij verzorgd. Deze partij is vaak een speciaal opgerichte organisatie waarin verschillende partijen zitten, zoals banken, aannemers en facilitaire bedrijven. Bij dit contract stelt de opdrachtgever vooraf een lijst op met de eisen waaraan het gebouw moet voldoen. Na afloop van de aanbesteding wordt er een winnende partij geselecteerd, die het project mag gaan uitvoeren. Deze partij ontwerpt en bouwt het geheel, zorgt voor de financiering, het onderhoud en de dienstverlening. De opdrachtgever gaat met de marktpartij de overeenkomst aan om het gebouw voor een langere periode te gebruiken. Deze contracten lopen meestal tussen de 20 en 30 jaar. Voor- en nadelen. Zoals iedere contractvorm heeft ook DBFMO voor- en nadelen. Het belangrijkste voordeel voor een DBFMO-project is de integratie van de verschillende disciplines. Doordat partij verantwoordelijk is voor alle zaken van het gebouw, zal er bij het ontwerp en de bouw rekening gehouden worden met zaken als schoonmaak, catering, maar ook de materiaalkeus. In het kort komt het erop neer dat alle betrokken partijen aan tafel zitten tijdens het ontwerp, om de verschillende aspecten van het gebouw te integreren. Het belangrijkste voordeel van DBFMO is dan ook het realiseren van een beter gebouw voor hetzelfde geld, of het realiseren van hetzelfde gebouw voor minder geld. Naast dit voordeel gelden nog een aantal andere voorbeelden. Zo is er bijvoorbeeld maar aanspreekpunt voor alle zaken die met het gebouw te maken hebben. n melding en alles wordt geregeld. Maar naast deze voordelen gelden er ook een aantal nadelen. Op dit moment is er in Nederland nog maar weinig ervaring met deze contracten. Er zal dus geld moeten worden uitgetrokken voor het inhuren van adviseurs, e.d. Het blijkt dat de aanbesteding van een contract (zeg maar de competitie tussen de verschillende marktpartijen) erg kostbaar is. Dit is van de belangrijkste nadelen van DBFMO. Een ander veel genoemd nadeel is dat het contract te weinig flexibiliteit biedt. Wat er precies onder deze flexibiliteit verstaan wordt is steeds voor iedereen verschillend. Zo is de bang dat er nooit meer een muur verplaatst kan worden. De ander is bang dat hij/zij voor langere tijd aan dezelfde marktpartij vastzit, die de machtspositie kan misbruiken. De volgenden zijn weer bang dat ze het contract nooit meer kunnen bedigen. Dit zijn allemaal aspecten die te maken hebben met flexibiliteit in DBFMO. Dit afstudeeronderzoek richt zich op dit onderwerp. Met de resultaten van het onderzoek wordt duidelijkheid gegeven in de verschillende mogelijkheden voor flexibiliteit binnen DBFMO-projecten. Het eindresultaat van het onderzoek is een handleiding waarin alle mogelijkheden voor flexibiliteit in de verschillende fasen van een project zijn weergegeven.","dbfmo; pps; geïntegreerde contracten; flexibiliteit","nl","master thesis","TU Delft, Architecture, Real Estate & Housing","","","","","","","","Architecture","","","","",""
"uuid:9238ffa5-678a-4abe-9f45-677b58a1dd99","http://resolver.tudelft.nl/uuid:9238ffa5-678a-4abe-9f45-677b58a1dd99","Bibliotheek met aanvullend programma voor Amsterdam West","Jongmans, M.","Korpershoek, M.C. (mentor); Mihl, H. (mentor)","2008","Met bijlage: A0 poster. Ontwerp voor een bibliotheek in de Amsterdamse Westelijke Tuinsteden (Osdorp).","bibliotheek; Osdorp; Amsterdam","nl","master thesis","TU Delft, Architecture, Architecture","","","","","","","","Architecture","","","","",""
"uuid:77c425bd-cfe1-4f42-86fd-a3398121e8f8","http://resolver.tudelft.nl/uuid:77c425bd-cfe1-4f42-86fd-a3398121e8f8","ARCHTCTR 2.0: Phyrtual Space: A personal fluid architectural interface between the virtual and the physical","Siemerink, R.","Oosterhuis, K. (mentor); Westgeest, A.T.M. (mentor); Bier, H.H. (mentor); Biloria, N.M. (mentor)","2008","Everything is getting more and more connected nowadays. Information in all kinds of different media are being digitized and made available increasingly global and widespread by the development of computers and the internet in the last three decades. This enabled the explosive growth of a hyperlinked network of information. By the increasing connectedness of technologies people, buildings and geography are added to this hyperspace. Just look at the emergence of online social networks (like myspace, facebook, etc.), mobile communication, the Global Position System (GPS), Geographic Information Systems (think of Google Earth) and more and more advanced logistic management using coupled databases (like amazon.com) in the last few years. The ever growing network now contains stuff in both the 'virtual world' and the physical world. In Archtctr2.0 the spatial language of architecture is used to visualize and navigate the immense network connecting information, people and geography. An architecture is created in real-time to let you explore your network of friends, information, people; almost everything. The nature of the project is of experimental research. The main question is: Can a spatial (architectural) 'interface help us making sense of the ever growing complexity of people and information around us? And if it can; how do we design these spaces and this interface? The challenge lies in both the technical as in the 'psychological'; how do we 'help' people navigating, browsing, structuring, searching the network around us?","architecture; virtual; physical; hyperbody","en","master thesis","TU Delft Architecture, Architecture","","","","","","","","Architecture","","","","",""
"uuid:69e74ec7-0f3c-4a25-9dd6-25b5cdb626af","http://resolver.tudelft.nl/uuid:69e74ec7-0f3c-4a25-9dd6-25b5cdb626af","""Eigenstijl wonen"", een onderzoek naar de effecten van ""Eigenstijl wonen"": Een project waarbij de bewoners worden geselecteerd op woonstijlen","Te Winkel, W.J.","Westra, H. (mentor); Van der Flier, C.L. (mentor); Nijhuis, S. (mentor)","2008","","leefstijlen; woonruimteverdeling; woonstijlen; leefbaarheid; volkshuisvesting; Palenstein; Zoetermeer; Vestia","nl","master thesis","TU Delft, Architecture, Real Estate & Housing","","","","","","","","Architecture","","","","",""
"uuid:a661268d-506e-408e-89f0-a6ea4532d7a7","http://resolver.tudelft.nl/uuid:a661268d-506e-408e-89f0-a6ea4532d7a7","Development of a structural element of glass with glass welding processes: Graduation report","Giezen, C.","Veer, F.A. (mentor); Knaack, U. (mentor); Bos, F.P. (mentor)","2008","MET ALS BIJLAGE: AO poster. For an existing facade structure of the faculty of architecture a new concept is designed. It involves a curtain wall with a loadbearing welded glass construction as a posterior construction. The total construction is built out of starshaped elements, these elements are demountable because of the designed joint. The joint is based on the torque bicycle principle. The stability of the glass facade is set with the help of steel cables. For the application of welded glass, expirimental research is done to evaluate the specimen on strength, geometrical accuracies and its failure behaviour.","glass welding; cable-stayed facade","en","master thesis","TU Delft, Architecture, Building Technology","","","","","","","","Architecture","","","","",""
"uuid:0de34cc9-be66-4068-9ea3-5471ad087aae","http://resolver.tudelft.nl/uuid:0de34cc9-be66-4068-9ea3-5471ad087aae","Development of a structural element of glass with glass welding processes: Literature","Giezen, C.","Veer, F.A. (mentor); Knaack, U. (mentor); Bos, F.P. (mentor)","2008","For an existing facade structure of the faculty of architecture a new concept is designed. It involves a curtain wall with a loadbearing welded glass construction as a posterior construction. The total construction is built out of starshaped elements, these elements are demountable because of the designed joint. The joint is based on the torque bicycle principle. The stability of the glass facade is set with the help of steel cables. For the application of welded glass, expirimental research is done to evaluate the specimen on strength, geometrical accuracies and its failure behaviour.","glass welding; cable-stayed facade","en","master thesis","TU Delft, Architecture, Building Technology","","","","","","","","Architecture","","","","",""
"uuid:8f673340-c3d2-4dbb-a8b5-acfe733641c8","http://resolver.tudelft.nl/uuid:8f673340-c3d2-4dbb-a8b5-acfe733641c8","F.I.S.H. Fully Immerseable Swarming Hotel","Frederiks, M.","","2008","Met als bijlage: A0 poster","","en","master thesis","TU Delft, Architecture","","","","","","","","Architecture","","","","",""
"uuid:47d26479-cdbf-4b43-875c-33afc97a78af","http://resolver.tudelft.nl/uuid:47d26479-cdbf-4b43-875c-33afc97a78af","Reclaimproces op Schiphol: ""Nu en in de toekomst voldoende capaciteit?""","Mokveld, L.J.","Van Wee, G.P. (mentor); Verbraeck, A. (mentor); Pielage, B.A. (mentor)","2008","Amsterdam Airport Schiphol (AAS) behoort tot de 5 grootste luchthavens van Europa. Om deze positie als mainport te behouden moet de luchthaven meegroeien met de West Europese markt. Ook wordt de service die een luchthaven aanbiedt steeds belangrijker voor passagiers en luchtvaartmaatschappijen. Er wordt door passagiers veel waarde gehecht aan de kwaliteit van bagageafhandeling. De waardering van passagiers over zijn bagageafhandeling is van grote invloed op de kwaliteitsbeleving van de luchthaven. Het is daarom van belang dat passagiers goed en op tijd hun bagage in de aankomsthal kunnen ophalen. Dit vergt een efficiënt en snel reclaimproces. Omdat er planningsproblemen zijn binnen het reclaimproces en omdat er niet voldoende reclaimcapaciteit lijkt te zijn, wordt de bagage met bestemming Amsterdam (AMS) soms later dan gepland gelost. Ten gevolge van deze planningsproblemen en mogelijke capaciteitstekort, kan de passagier hinder ondervinden tijdens het reclaimproces. Ook luchtvaartmaatschappijen en afhandelaren ondervinden hinder tijdens het afhandelen van bagage. De doelstelling van het onderzoek luidt: Onderzoeken of capaciteitsproblemen kunnen ontstaan in de periode tot 2020 binnen het reclaimproces op Amsterdam Airport Schiphol en een oplossing zoeken voor deze mogelijke problemen. Het onderzoek is verdeeld in twee fases, namelijk de analysefase en de ontwerpfase. In de analysefase is zowel de vraag- als de aanbodzijde van capaciteit geanalyseerd en is het toekomstige capaciteitstekort berekend. In de ontwerpfase is een mogelijke oplossing aangedragen om het capaciteitstekort op te lossen.","","nl","master thesis","","","","","","","","","Delft University of Technology","Transport, Infrastructure and Logistics","","TIL","",""
"uuid:f88ea143-b9a1-4131-9d1e-c391754077d1","http://resolver.tudelft.nl/uuid:f88ea143-b9a1-4131-9d1e-c391754077d1","Outside In: Transformation of a Rotterdam cityblock","De Goede, S.P.","Komossa, S. (mentor); Marxot, N. (mentor); Fokkinga, J. (mentor)","2008","Met als bijlage: A0 poster","","nl","master thesis","TU Delft, Architecture, Architecture","","","","","","","","Architecture","","","","",""
"uuid:5de4aeb1-9bb6-4cf7-84af-0ed72d0f2bfc","http://resolver.tudelft.nl/uuid:5de4aeb1-9bb6-4cf7-84af-0ed72d0f2bfc","Relaxation Centre: A place to retreat in the centre of Rotterdam","Timmer, R.","Komossa, S. (mentor); Marzot, N. (mentor); Fokkinga, J.D. (mentor)","2008","","","en","master thesis","TU Delft, Architecture","","","","","","","","Architecture","","","","",""
"uuid:95d6e4fd-dd15-440f-8640-07dadd1aca48","http://resolver.tudelft.nl/uuid:95d6e4fd-dd15-440f-8640-07dadd1aca48","Development of a multiobjective design optimization procedure for marine propellers","Pouw, C.P.","Van Terwisga, T.J.C. (mentor); Zondervan, G.J.D. (mentor); De Koning Gans, H.J. (mentor); Hopman, J.J. (mentor); Van Beek, T. (mentor); Maritime Research Institute Netherlands (contributor)","2008","The design of a marine propeller is characterized by its complexity rather then its shortcoming of knowledge how to asses its performance. There are several constraints to satisfy and all are in a different field. The three major considerations are strength, performance (efficiency) and cavitation behavior. There is not a perfect design methodology for the engineer how to use the different analysis tools available to come to a final design. The process is in most cases an iterative one that ends with a satisfying design rather then an optimal design. Optimal in this case means optimal in the sense of the best compromise possible. The application of a multiobjective optimizer makes it possible to visualise the trade-off among different conflicting objectives to guide the engineer in making his compromise. Furthermore it gives more insight in the problem at hand. The goal of this thesis is therefore two-fold. First one is the implementation of a multiobjective optimiser to show what the gains are when an analysis tool can be turned into a design tool. The second one is to apply it and investigate what the trade-off is between cavitation performance and efficiency for a test case based on a container vessel. The implemented algorithm is the non-dominated sorting genetic algorithm (NSGA) which is currently used in many other practical design problems. Genetic Algorithms are in general robust but not very efficient when it comes to the number of design evaluations it has to do. The algorithm is able to give a good approximation of the trade-off with a good diversity among its solutions. The propeller is analysed by the lifting surface program ANPRO which has an extension to predict sheet cavitation and bubble cavitation at both sides of the blade. In the test case considered there were additional constraints for a minimum blade thickness, the avoidance of bubble cavitation and a maximum allowance of sheet cavitation at the pressure side. The algorithm is able to converge to a trade-off between the two conflicting objectives. The size of the population is chosen as 80 and the algorithm run for 300 generations. From statistical data of the average age of the individuals in the population, converge could be determined. The simulations were not able to converge completely but sufficiently enough to obtain an approximation of the Pareto front. The trade-off show a decrease from maximum efficiency of 4% while gaining a reduction of sheet cavitation at the suction side of 27%. The amount of reduction of efficiency was roughly the same for different test cases but the cavitation percentages showed more variation. The method showed to be sensitive to the interpretation of the cavitation data produced by the propeller analysis program ANPRO.","marine; propeller; design; multiobjective; optimisation","en","master thesis","TU Delft, Mechanical Maritime and Materials Engineering, Marine and Transport Technology","","","","","","","","Mechanical Maritime and Materials Engineering","","","","",""
"uuid:3516ba15-eebd-4e9d-84d1-b1f067a60d1a","http://resolver.tudelft.nl/uuid:3516ba15-eebd-4e9d-84d1-b1f067a60d1a","Princess Elisabeth Research Station at Antarctica: Renewable Energy Systems design, simulation and optimization","Van Rattinghe, K.","van Bussel, G.J.W. (mentor); Kelder, E.M. (mentor); Gibescu, M. (mentor); De Coninck, R. (mentor); De Broe, A. (mentor)","2008","The Earth’s climate is changing. A better understanding on the climate mechanism is essential for future sustainable development. As Antarctica has an important role in the Earth system, a new Belgian research station - named Princess Elisabeth - is currently under construction in the Sør Rondane mountains (Droning Maud Land, East Antarctica). The Princess Elisabeth station is unique in its conception. It is only manned during the austral summer, but remains operational for full year monitoring. In addition, it aims at minimum environmental impact and the highest energy and waste efficiency, fundamental issues in the Antarctic Environmental Protocol. The objective of the energy concept is a 95% sustainable hybrid system consisting of solar and wind power, combined with electrical and thermal storage. A diesel system is mainly foreseen as back-up in emergency situations. This research investigates the feasibility of the energy concept and the component sizing of the hybrid system. In addition the sensitivity of the design is evaluated on the wind variation as wind power generates most of the energy. For this purpose, a synthetic wind series is created (first order Markov chain) and combined with long term observations of other polar stations. Finally, the current design is evaluated under the assumption the station is permanently manned. A dynamical simulation tool is developed to validate the design decisions. The hybrid system consists of 6 small wind turbines of 6 kW each, a 50 kWp photovoltaic system, a 6000 Ah battery bank (VRLA) and 2 back-up diesel generators of 35 kW each. For the thermal applications, 21 m2 flat solar thermal collectors and 1.5 m3 heat storage is foreseen. To keep the station up and running under normal conditions, the annual diesel consumption ranges between 1750 and 1250 litres, depending on the wind climate. 97% of the energy originates from renewable sources, which makes the Princess Elisabeth station the most environmental friendly manned polar station. The design is a benchmark for future polar stations. If the station is permanently manned, annual diesel consumption ranges from 17000 to 14000 litres. The renewable energy fraction is reduced to approximately 72%. Sensitivity analysis showed further diesel reduction is possible by adding wind turbines and electrical storage capacity; however the marginal gain is limited. Significant reduction on the loads is needed to achieve the low emission objective. Specific attention is needed on the generator selection and battery control algorithm if the station is manned permanently.","Windenergy","en","master thesis","","","","","","","","","Aerospace Engineering","","","","",""
"uuid:6b815db5-e87a-4e1f-a114-e41026a97b07","http://resolver.tudelft.nl/uuid:6b815db5-e87a-4e1f-a114-e41026a97b07","Erosion tests with the annular flume","Laksanalamai, J.","De Vriend, H.J. (mentor); Van Kesteren, W.G.M. (mentor); Winterwerp, J.C. (mentor); Van der Vegt, M. (mentor); Jacobs, W. (mentor)","2008","To predict the changes of natural systems like estuaries and tidal lagoons as a consequence of human interferences often numerical models are applied. An important aspect is the erosion and transport of sediment. Therefore, these models require formulations that describe the erosion of the sediment bed consisting of sand, mud and organic matter. A physically founded and validated process-based description of these mixed sediments is still missing. Recently, a theoretically derived formulation for erosion of mixed sediments has been proposed. However, a proper validation of this new formula is lacking. Therefore, a systematic study has been undertaken. First, studies have been executed to investigate the individually physical properties in this formula. Next, erosion tests have been executed on a large number of varying sample compositions using a straight, re-circulating flume. The effect of sediment structures and cohesiveness of the sediment bed has been investigated, from which the new formulations could be qualified. However, this experimental set-up was relatively small, with possible large influences of e.g. boundary effects. Therefore, another set of erosion experiments had to be carried out to supplement the results of the mentioned tests. The objective of this study was to quantify the newly defined theorem for the erosion behavior of sand-mud mixtures. The experiments were carried out on three different artificially generated sand-silt-clay mixtures, using a large annular flume. The mixtures were homogeneously mixed and 100% saturated and, subsequently, placed in the flume. A unidirectional flow was generated by rotating the top-lid and the flume in opposite directions. The flow-induced shear stresses near the bottom were varied by increasing the rotational speeds step by step. An observation on the erosion behavior of the beds was carried out, as well as the measurement of the concentration of suspended fines over the vertical. Due to the occurring secondary currents, the eroded sand accumulated along the outer bend of the flume. By collecting this the amount of eroded sand was quantified. The shear stresses near the bottom were not measured directly, but were determined by means of a large eddy simulation model. The results show two parts regarding the erosion behavior of the mixtures. Before the complete failure of the bed (part 2), different modes of erosion were identified in which only small amounts of material were eroded (part 1). Mainly due to the placement of the bed, the bed strength was slightly varying in the upper part of the sediment bed concerning both the horizontal as the vertical direction. In this first part floc erosion occurred for the fines. Sand was transported as bed load as well as in the sheet flow regime. For this part, the concentration of eroded fines showed a typically non-linear increase as usually occurred for erosion tests with deposited beds. Several possible explanations for this unexpected behavior are discussed. For part 2, surface erosion was observed, during which the concentration was increasing linearly with time. The erosion rate as function of bed shear stresses revealed that the threshold of erosion for samples with a sand-silt skeleton was relatively high, while the threshold for the sample with the clay-water matrix was lower. A transition in erosion behavior was observed when regarding the erosion parameters for both fines and sand. This transition occurred for a plasticity index of around seven, which agrees well with the transition in mechanical behavior for sand-dominated to clay-dominated sediment as found in previous empirical geotechnical studies.","erosion test; annular flume; rotating flume","en","master thesis","TU Delft, Civil Engineering and Geosciences, Hydraulic Engineering","","","","","","","","Civil Engineering and Geosciences","","","","",""
"uuid:5aa8205a-63b0-4be7-9d8b-7e3c1617885c","http://resolver.tudelft.nl/uuid:5aa8205a-63b0-4be7-9d8b-7e3c1617885c","Uitbreiding Amsterdam ArenA","Kuiper, P.C.","Wagemans, L.A.G. (mentor); Abspoel, R. (mentor); Hoogenboom, P.C.J. (mentor); Osch, M.J.W. (mentor)","2008","","","nl","master thesis","","","","","","","","","Civil Engineering and Geosciences","Design and Construction","","","",""
"uuid:688f1a07-0410-40c0-9a07-3bef22d4128f","http://resolver.tudelft.nl/uuid:688f1a07-0410-40c0-9a07-3bef22d4128f","Bouwkosten van transformatieprojecten: Modelmatig inzicht in kostengeneratoren","Mackay, R.","De Jong, P. (mentor); Remoy, H.T. (mentor)","2008","Kantoortypologie. Er kunnen geen verschillende typen kantoorgebouw worden onderscheiden, maar wel een aantal typologische eigenschappen, die kenmerkend zijn voor kantoorgebouwen die gebouwd zijn in de periode 1965-1985. Als de constante eigenschappen worden weggelaten, blijven er 19 variabelen over die het kantoorgebouw beschrijven en 18 variabelen die het te realiseren woongebouw beschrijven. Deze variabelen kunnen tezamen onderverdeeld worden in 50 antwoordcategorie Verband typologische eigenschappen en bouwkosten. Als we kijken naar het verband tussen deze variabelen en de 52 elementen waarover de bouwkosten verdeeld kunnen worden, blijken 359 verbanden significant en valide. Na het in een rekenmodel testen van deze verbanden blijken deze geen onderlinge samenhang te hebben. De bouwkosten van transformatieprojecten kunnen niet gemodelleerd worden aan de hand van referentieprojecten, aangezien het rekenmodel uitkomsten genereert die gemiddeld 15% afwijken van de daadwerkelijke bouwkosten (maximum afwijking is 10%). Bouwkosten van transformatieprojecten. Een toets op een groter schaalniveau lijkt meer soelaas te bieden; het tegengestelde is waar. Want hoewel een t-test wel verschillen in de bouwkosten tussen de groepsgemiddelden per antwoordcategorie per variabele en per elementcluster laat zien, zijn de 95% betrouwbaarheidsintervallen dermate groot dat er geen conclusies uit de analyse kunnen worden getrokken. De grootste kostengenerator van transformatieprojecten is de gevel, gevolgd door de AUK en de binnenwanden. De bevindingen uit de handmatige analyse worden bevestigd door de beschrijvende statistieken. Overige posten die de kosten voor een relatief groot deel bepalen zijn projectspecifieke posten. De bouwkosten voor de clusters fundering, daken en terrein binair te worden bepaald en de post werktuigbouwkundige installaties lijkt een stevige en stabiele kostengenerator te zijn. Bouwkosten van transformatieprojecten. Het afwerkingniveau kan een invloed van wel 150 euro/m² BVO hebben. Daarnaast lijkt een vierkante planvorm garant te staan voor relatief lage kosten en worden hoge kosten naast het afwerkingniveau in de regel bepaald door projectspecifieke eigenschappen.","building costs; transformation; modelling","nl","master thesis","TU Delft, Architecture, Real Estate & Housing","","","","","","","","Architecture","","","","",""
"uuid:67f8e314-d3a8-410a-b2fd-5aa2d4122d4a","http://resolver.tudelft.nl/uuid:67f8e314-d3a8-410a-b2fd-5aa2d4122d4a","Designing a position sensor system for Active Magnetic Bearings","Seepers, R.M.; Beijer, D.","Balini, H.M.N.K. (mentor); Bastemeijer, J. (mentor)","2008","In this thesis report, two sensor systems for measuring the position of a levitated spindle are proposed. An off-the-shelf optical sensor is used and the results of the implementation are discussed. Furthermore a capacitive sensor system is designed, consisting of a capacitive ring, sensor plates and signal conditioning. Testing shows both of these sensor systems can be used with an accuracy of less then $100 \mu m$, which can be pushed below $10 \mu m$ given more development time. The results of these two sensor systems can be used in a later stage to design a full active magnetic bearing setup.","bearing; active; magnetic; capacitive; sensor","en","bachelor thesis","TU Delft, Electrical Engineering, Mathematics, Computer Sci, Delft Center for Systems and Control (DCSC)","","","","","","","","Electrical Engineering, Mathematics and Computer Science","","","","",""
"uuid:3faf5dba-50dd-48bc-b897-747234a6d49e","http://resolver.tudelft.nl/uuid:3faf5dba-50dd-48bc-b897-747234a6d49e","Hart van Heerenveen: Herstructurering van het centrum","Gout, A.","Westrik, J.A. (mentor); Van der Spek, S.C. (mentor); Van Nes, A. (mentor)","2008","","","nl","master thesis","TU Delft, Architecture, Urbanism","","","","","","","","Architecture","","","","",""
"uuid:6f1f2023-def2-4064-95ec-b9e213595048","http://resolver.tudelft.nl/uuid:6f1f2023-def2-4064-95ec-b9e213595048","Conditions Istanbul","Polman, B.J.","","2008","Met als bijlage: A0 poster","","en","master thesis","TU Delft, Architecture","","","","","","","","Architecture","","","","",""
"uuid:5e9e0470-b7f7-4073-9d87-20108da869db","http://resolver.tudelft.nl/uuid:5e9e0470-b7f7-4073-9d87-20108da869db","Wonen en werken in de Binckhorst","Getrouw, Z.E.R.","Knappers, R. (mentor); van Zwol, J. (mentor); Cuperus, Y. (mentor); van Dooren, E. (mentor)","2008","Met als bijlage: A0 poster","","nl","master thesis","TU Delft, Architecture, Urbanism","","","","","","","","Architecture","","","","",""
"uuid:29cd003a-2d27-4302-911f-10a3fbebd4cc","http://resolver.tudelft.nl/uuid:29cd003a-2d27-4302-911f-10a3fbebd4cc","Filmhuis Falcon en het Falconblok","Spoelstra, J.","","2008","Met als bijlage: A0 poster","","nl","master thesis","TU Delft, Architecture","","","","","","","","Architecture","","","","",""
"uuid:a2e5ba9b-9a2d-435f-8632-9a534e8706ff","http://resolver.tudelft.nl/uuid:a2e5ba9b-9a2d-435f-8632-9a534e8706ff","Back to street life: Redevelopment of old harbour area - Singapore steers for a knowledge-based city","Wang, Q.","","2008","","","en","master thesis","TU Delft, Architecture","","","","","","","","Architecture","","","","",""
"uuid:fcb16ad9-bbb0-417a-8a50-94c6c246b948","http://resolver.tudelft.nl/uuid:fcb16ad9-bbb0-417a-8a50-94c6c246b948","Aanpasbaarheid ter verhoging van de multifunctionaliteit","De Rooij, R.","","2008","","","nl","master thesis","TU Delft, Architecture, Architecture","","","","","","","","Architecture","","","","",""
"uuid:e9b97de9-a024-4190-a6a6-83b4e57f58ec","http://resolver.tudelft.nl/uuid:e9b97de9-a024-4190-a6a6-83b4e57f58ec","Daylighting an underground trainstation","Wevers, N.","De Bruin-Hordijk, G.J. (mentor); Mooren, H.G. (mentor); Mihl, H. (mentor)","2008","","","nl","master thesis","TU Delft, Architecture, Building Technology","","","","","","","","Architecture","","","","",""
"uuid:5dc4e817-ce30-412e-8be3-2266658ac741","http://resolver.tudelft.nl/uuid:5dc4e817-ce30-412e-8be3-2266658ac741","Breakpoint Rotterdam - Breuklijn Rotterdam: De binnenkant van het stedelijk blok als publieke ruimte","De Wit, G.","Komossa, S. (mentor); Engels, J. (mentor)","2008","Met als bijlage: A0 poster","","nl","master thesis","TU Delft, Architecture, Architecture","","","","","","","","Architecture","","","","",""
"uuid:39e7d5c6-d103-4d24-94bc-e57d8c12dcba","http://resolver.tudelft.nl/uuid:39e7d5c6-d103-4d24-94bc-e57d8c12dcba","Wonen in domeinen","Veenstra, S.D.","Heijne, R. (mentor); Van de Voort, J. (mentor)","2008","","","nl","master thesis","TU Delft, Architecture, Architecture","","","","","","","","Architecture","","","","",""
"uuid:6be3b54a-3ce2-4073-adda-1c5a52e2c9cb","http://resolver.tudelft.nl/uuid:6be3b54a-3ce2-4073-adda-1c5a52e2c9cb","Tussen wonen en werken","Grootveld, B.","Van Zwol, J. (mentor)","2008","","","nl","master thesis","TU Delft, Architecture","","","","","","","","Architecture","","","","",""
"uuid:d3757fba-f954-4490-a234-8aa4ebc9d9ea","http://resolver.tudelft.nl/uuid:d3757fba-f954-4490-a234-8aa4ebc9d9ea","Hypertower","Kiremitci, M. Alper","","2008","","","en","master thesis","TU Delft, Architecture","","","","","","","","Architecture","","","","",""
"uuid:ebba4f5e-9f92-477a-babe-b7cde81015ad","http://resolver.tudelft.nl/uuid:ebba4f5e-9f92-477a-babe-b7cde81015ad","Red Star Line: Antwerpen - New York","Ten Kate, H.","","2008","","","nl","master thesis","TU Delft Architecture","","","","","","","","Architecture","","","","",""
"uuid:6fee62a5-ea03-43a8-8349-4f47b1a0de1e","http://resolver.tudelft.nl/uuid:6fee62a5-ea03-43a8-8349-4f47b1a0de1e","Interventie terrein bisdom Paramaribo","Koers, T.","","2008","","","en","master thesis","TU Delft, Architecture, Architecture","","","","","","","","Architecture","","","","",""
"uuid:2f682313-4000-4c1e-b0ee-4dcadc702e00","http://resolver.tudelft.nl/uuid:2f682313-4000-4c1e-b0ee-4dcadc702e00","The transformation of Saint Lazare","Alblas, R.","","2008","","","en","master thesis","TU Delft, Architecture, Architecture","","","","","","","","Architecture","","","","",""
"uuid:88d377a2-fbd0-449a-a119-7d1d1c2e9739","http://resolver.tudelft.nl/uuid:88d377a2-fbd0-449a-a119-7d1d1c2e9739","Transitional stage","Bleumink, R.","Garritzmann, U. (mentor); Robles-Duran, M. (mentor); Meijs, M.H. (mentor)","2008","","","en","master thesis","TU Delft Library, Architecture","","","","","","","","Architecture","","","","",""
"uuid:167919c3-7082-4fa1-829f-5bc5c795c948","http://resolver.tudelft.nl/uuid:167919c3-7082-4fa1-829f-5bc5c795c948","Zakelijk hotel Antwerpen","Mansjur, A.I.","","2008","","","nl","master thesis","TU Delft, Architecture","","","","","","","","Architecture","","","","",""
"uuid:a34ed67b-323b-40d6-b62c-0a87b47d6139","http://resolver.tudelft.nl/uuid:a34ed67b-323b-40d6-b62c-0a87b47d6139","Fear(less): An architectural response to fear in the city","Dashorst, M.","De Wit, L. (mentor); Van Dooren, E. (mentor); Doucet, I. (mentor)","2008","","","en","master thesis","TU Delft, Architecture, Architecture","","","","","","","","Architecture","","","","",""
"uuid:a537c8e7-7087-45b6-b859-8827c74677cd","http://resolver.tudelft.nl/uuid:a537c8e7-7087-45b6-b859-8827c74677cd","Hotels: A functional, typological and programmatic research","Van Soolingen, M.","Korpershoek, M.C. (mentor); Caso, O. (mentor)","2008","","","en","master thesis","TU Delft, Architecture, Architecture","","","","","","","","Architecture","","","","",""
"uuid:b6eb9c08-d70d-4e44-b4f3-16c501df4fb7","http://resolver.tudelft.nl/uuid:b6eb9c08-d70d-4e44-b4f3-16c501df4fb7","Modification of an Asphalt Binder with Altraflex 2006","Adhin, A.J.D.","Molenaar, A.A.A. (mentor)","2008","","","en","master thesis","","","","","","","","","Civil Engineering and Geosciences","Structural Engineering","","Road and Railway Engineering","",""
"uuid:17857c1f-815a-4335-80de-054b88667f3c","http://resolver.tudelft.nl/uuid:17857c1f-815a-4335-80de-054b88667f3c","Hyperbody: Form-finding as design strategy","Campesato, A.","Oosterhuis, K. (mentor); Biloria, N.M. (mentor); Killian, A. (mentor); Bier, H. (mentor)","2008","","","en","master thesis","TU Delft, Architecture","","","","","","","","Architecture","","","","",""
"uuid:1eb2cc60-4506-47ae-aeaa-af2331af2f42","http://resolver.tudelft.nl/uuid:1eb2cc60-4506-47ae-aeaa-af2331af2f42","From edge to border: A concrete landscape Fatih-Istanbul","Garcia Marta, A.E.","Vollebregt, A. (mentor); Hermans, W. (mentor); Schoonderbeek, M. (mentor); Rommens, O. (mentor); Engels, J. (mentor)","2008","Met als bijlage: A0 poster","","en","master thesis","TU Delft, Architecture","","","","","","","","Architecture","","","","",""
"uuid:e59eec96-f826-4de2-a9cd-c724003df514","http://resolver.tudelft.nl/uuid:e59eec96-f826-4de2-a9cd-c724003df514","Dommel: Centre of ecological technology, Boxtel","Pinzon Latorre, A.A.","","2008","Met als bijlage: A0 poster","","en","master thesis","TU Delft, Architecture","","","","","","","","Architecture","","","","",""
"uuid:68723642-be26-4450-b46e-e3c77dc3630a","http://resolver.tudelft.nl/uuid:68723642-be26-4450-b46e-e3c77dc3630a","Marokkaans met een zachte geej","Van der Loo, T.","","2008","","","nl","master thesis","TU Delft, Architecture","","","","","","","","Architecture","","","","",""
"uuid:7bd5e3f9-60bd-4d18-9ae8-79ce5fe598d7","http://resolver.tudelft.nl/uuid:7bd5e3f9-60bd-4d18-9ae8-79ce5fe598d7","Chaining history","Hacquebord, A.","","2008","","","en","master thesis","TU Delft, Architecture, Architecture","","","","","","","","Architecture","","","","",""
"uuid:cb18c87e-ac07-4868-8b42-730f8557e96e","http://resolver.tudelft.nl/uuid:cb18c87e-ac07-4868-8b42-730f8557e96e","Kruiskade live: Herontwikkeling bouwblok Oude Luxor theater Rotterdam","Wetzel, J.","Willers, W. (mentor); Koopman, F. (mentor)","2008","","","nl","master thesis","TU Delft, Architecture, Architecture","","","","","","","","Architecture","","","","",""
"uuid:6056a341-ab07-464b-b459-a3d0b7ff35e0","http://resolver.tudelft.nl/uuid:6056a341-ab07-464b-b459-a3d0b7ff35e0","Balancing = Beautiful","Van Drunen, A.","Herder, J.L. (mentor)","2008","","","en","master thesis","","","","","","","","","Mechanical, Maritime and Materials Engineering","Biomechanical Engineering","","","",""
"uuid:30e41ba7-4bbe-4cac-8cc3-9fcc3ea93f07","http://resolver.tudelft.nl/uuid:30e41ba7-4bbe-4cac-8cc3-9fcc3ea93f07","Stedenbouwkundig plan centrum noord in Haarlem. Ontwerp stationsplein Haarlem","Derksen, J.; Windt, D.","","2008","","","nl","master thesis","TU Delft, Architecture, Building Technology","","","","","","","","Architecture","","","","",""
"uuid:1bde02a1-1e6d-4ada-b5c5-4b3d11cde31f","http://resolver.tudelft.nl/uuid:1bde02a1-1e6d-4ada-b5c5-4b3d11cde31f","Urban lounge: Hybrid building at NDSM Wharf Amsterdam","Andriany, A.","","2008","","","en","master thesis","TU Delft, Architecture","","","","","","","","Architecture","","","","",""
"uuid:11419c7d-41d8-4585-9bad-4b74b7c9353d","http://resolver.tudelft.nl/uuid:11419c7d-41d8-4585-9bad-4b74b7c9353d","Knots, a living bridge","Oosterbaan, I.","","2008","","","en","master thesis","TU Delft, Architecture, Architecture","","","","","","","","Architecture","","","","",""
"uuid:11dd0bb5-b27b-4a96-bcea-c3eaf4f341c5","http://resolver.tudelft.nl/uuid:11dd0bb5-b27b-4a96-bcea-c3eaf4f341c5","Knooppunt voor studie en stad: Zeeburgerpad, Amsterdam","Wiersma, D.","","2008","","","nl","master thesis","TU Delft, Architecture","","","","","","","","Architecture","","","","",""
"uuid:2e5e0c46-469d-4a5c-9f81-4a9593b85225","http://resolver.tudelft.nl/uuid:2e5e0c46-469d-4a5c-9f81-4a9593b85225","The acoustic home: Architecture and modernity","Chan, K.F.","Heijne, R. (mentor); Van de Voort, J. (mentor)","2008","","","en","master thesis","TU Delft, Architecture, Architecture","","","","","","","","Architecture","","","","",""
"uuid:fb065b91-4fdf-436f-99b1-2803e8e2dc09","http://resolver.tudelft.nl/uuid:fb065b91-4fdf-436f-99b1-2803e8e2dc09","Architectuur and modernity: Public building: public realm","Van Delft Westerhof, P.","Havik, K. (mentor); Veldhuisen, S. (mentor); Engels, J. (mentor)","2008","","","en","master thesis","TU Delft, Architecture, Architecture","","","","","","","","Architecture","","","","",""
"uuid:4916760f-17c9-4e8c-902f-c7ebeb9e6621","http://resolver.tudelft.nl/uuid:4916760f-17c9-4e8c-902f-c7ebeb9e6621","Recreatie Terminal aan de Toekomstige A3","Mulder, N.","","2008","","","nl","master thesis","(c) TU Delft, Architecture","","","","","","","","Architecture","","","","",""
"uuid:662436d6-2dd3-4da2-8406-c83b39fc587e","http://resolver.tudelft.nl/uuid:662436d6-2dd3-4da2-8406-c83b39fc587e","Polycentric northern region of Suriname to generate emerging development: Economical viable, social stimulating and environmental conscious","Van den Elshout, L.","Vollebregt, A.G. (mentor); van Dorst, M.J. (mentor); van den Toorn, M.W.M. (mentor)","2008","Met als bijlage: A0 poster","","en","master thesis","TU Delft, Architecture, Urbanism","","","","","","","","Architecture","","","","",""
"uuid:d6f24aa2-9eb9-4e77-a713-29ed80153a44","http://resolver.tudelft.nl/uuid:d6f24aa2-9eb9-4e77-a713-29ed80153a44","(S)trip of health: A way of folding movement, time, material and functions into one form","Kramer, C.G.","","2008","","","en","master thesis","TU Delft, Architecture, Architecture","","","","","","","","Architecture","","","","",""
"uuid:8cb4da0e-04ad-4f59-97a6-88b7d242996f","http://resolver.tudelft.nl/uuid:8cb4da0e-04ad-4f59-97a6-88b7d242996f","Langzame stad-A13 Delft: Beweging en ontmoeting door cultuur en kennis","Houbiers, M.","Van Duin, L. (mentor); van Dooren, E. (mentor)","2008","Met als bijlage: A0 poster","","nl","master thesis","TU Delft, Architecture, Architecture","","","","","","","","Architecture","","","","",""
"uuid:c36240a3-c993-4f1c-967a-2cf36a060fb9","http://resolver.tudelft.nl/uuid:c36240a3-c993-4f1c-967a-2cf36a060fb9","Conception of space in dance: Another view on the architecture of dance theatres","Kersten, M.","Dawson, J.P. (mentor); Van Dooren, E.J.G.C. (mentor); Nottrot, R. (mentor)","2008","","","en","master thesis","TU Delft, Architecture, Architecture","","","","","","","","Architecture","","","","",""
"uuid:5aee699f-5435-47b5-bcdf-7eadca432128","http://resolver.tudelft.nl/uuid:5aee699f-5435-47b5-bcdf-7eadca432128","Polycentric northern region of Suriname to generate emerging development: Economical viable, social stimulating and environmental conscious","Van den Elshout, L.","Vollebregt, A.G. (mentor); van Dorst, M.J. (mentor); van den Toorn, M.W.M. (mentor)","2008","","","en","master thesis","TU Delft, Architecture, Urbanism","","","","","","","","Architecture","","","","",""
"uuid:c90bb658-24dc-49a0-af5c-ac28e618cda5","http://resolver.tudelft.nl/uuid:c90bb658-24dc-49a0-af5c-ac28e618cda5","Sporthal & Vechtschool","Kuipers, J.M.","","2008","","","nl","master thesis","TU Delft, Architecture, Architecture","","","","","","","","Architecture","","","","",""
"uuid:e6a1a60b-88fa-46d1-bedd-1a20645df1a5","http://resolver.tudelft.nl/uuid:e6a1a60b-88fa-46d1-bedd-1a20645df1a5","Het Laaken","De Bruin, A.","","2008","","","nl","master thesis","TU Delft, Architecture","","","","","","","","Architecture","","","","",""
"uuid:b36ad9a5-cba1-4dd1-aa2f-bd96d2ca9899","http://resolver.tudelft.nl/uuid:b36ad9a5-cba1-4dd1-aa2f-bd96d2ca9899","Regeneratie van de binnenstad van Paramaribo: Ruimte voor jongeren bij de St. Peter en Paul kathedraal","Dekkers, M.","Meijers, L. (mentor); Colautti, F. (mentor); Meurs, P. (mentor)","2008","Met als bijlage: A0 poster","","nl","master thesis","TU Delft, Architecture, Architecture","","","","","","","","Architecture","","","","",""
"uuid:04970506-1505-4671-84e2-0b5ed8a7ce8f","http://resolver.tudelft.nl/uuid:04970506-1505-4671-84e2-0b5ed8a7ce8f","Blue Note Theater - Waterkant - Paramaribo -Suriname","Van der Drift, L.","","2008","","","nl","master thesis","TU Delft, Architecture","","","","","","","","Architecture","","","","",""
"uuid:a661bbe3-591a-40cd-ac6c-e5e5c3512f66","http://resolver.tudelft.nl/uuid:a661bbe3-591a-40cd-ac6c-e5e5c3512f66","Elephant and Castle library: A new infrastructure as an intervention within a post-war area in London","Verheijden, A.M.","","2008","","","en","master thesis","TU Delft, Architecture","","","","","","","","Architecture","","","","",""
"uuid:911fde27-4565-42b2-85cf-2409999b334e","http://resolver.tudelft.nl/uuid:911fde27-4565-42b2-85cf-2409999b334e","Dans centrum: Beweging & voorstelling","Boodt, L.","Loehmann, H. (mentor); Holtrop, A. (mentor); Meijs, M. (mentor)","2008","Met als bijlage: A0 poster","","nl","master thesis","TU Delft, Architecture","","","","","","","","Architecture","","","","",""
"uuid:70bfcf66-1e8e-454c-ac37-700d13378524","http://resolver.tudelft.nl/uuid:70bfcf66-1e8e-454c-ac37-700d13378524","Sensory intensification in architecture","Van Kreij, K.","","2008","","","en","master thesis","TU Delft, Architecture","","","","","","","","Architecture","","","","",""
"uuid:2f06c53f-d2e2-4ec1-9757-6a18a71f3c08","http://resolver.tudelft.nl/uuid:2f06c53f-d2e2-4ec1-9757-6a18a71f3c08","Community school: Back to school","Suurenbroek, R.","Stuhlmacher, M. (mentor); van der Zaag, E. (mentor)","2008","","","nl","master thesis","TU Delft, Architecture","","","","","","","","Architecture","","","","",""
"uuid:e928c786-4b3b-4223-91ea-f1d8c24f872b","http://resolver.tudelft.nl/uuid:e928c786-4b3b-4223-91ea-f1d8c24f872b","Centrum voor moderne dans in A'dam-Noord","Stoop, E.J.","Löhmann, H. (mentor); Meije, M. (mentor)","2008","","","nl","master thesis","TU Delft, Architecture","","","","","","","","Architecture","","","","",""
"uuid:1a084be1-903f-4679-95d3-f68e81b94240","http://resolver.tudelft.nl/uuid:1a084be1-903f-4679-95d3-f68e81b94240","Dance Centre Amsterdam Noord","Blom, S.","","2008","","","en","master thesis","TU Delft, Architecture","","","","","","","","Architecture","","","","",""
"uuid:6213417c-2b0f-4dac-a01d-2cdbba89dec3","http://resolver.tudelft.nl/uuid:6213417c-2b0f-4dac-a01d-2cdbba89dec3","Radiostation Kootwijk","Spruijtenburg, B.","Roos, J. (mentor); De Ridder, A. (mentor)","2008","Met als bijlage: A0 poster","","nl","master thesis","TU Delft, Architecture, Architecture","","","","","","","","Architecture","","","","",""
"uuid:00130806-deb5-4f82-8c45-28eeca69249c","http://resolver.tudelft.nl/uuid:00130806-deb5-4f82-8c45-28eeca69249c","Mixing layers in open channel flow with abrupt bed roughness changes","Vermaas, D.A.","Uijttewaal, W.S.J. (mentor); Hoitink, T.J.F. (mentor)","2008","Hydraulic roughness is a key factor in modeling open channel flow. The frictional effects of roughness elements are generally parameterized by a roughness coefficient, representative for the roughness of a grid cell in a model. Bed roughness can be very heterogeneous in practical situations. Especially in floodplains, the roughness height can differ an order of magnitude over a small distance. This roughness heterogeneity impacts the shear stress distribution and the effective friction exerted on the flow. Previous research showed that the effective friction was 20% more than the theoretically weighted average value (Jarquín, 2007) in a flume with a parallel smooth-to-rough bed. Another calculation showed even 80% additional effective friction (Jarquín, 2007; Vermaas et al., 2007). New measurements and a detailed Large Eddy Simulation model described in this report were used to investigate the underlying mixing layer processes and the corresponding development length scales. This may provide the basis to parameterize roughness heterogeneity. Measurements in a developed flow over a parallel smooth-to-rough bottom show a secondary circulation in vertical planes across the flow. This circulation causes a transverse momentum transport from the smooth to the rough side. The momentum transport by this mechanism has nearly the same order of magnitude as the transverse momentum exchange by turbulent mixing. The transverse momentum exchange enhances the effective friction. An example with a 2D model shows that this can not explain the entire increase in effective friction; additional friction is probably also caused by extra turbulence production near the smooth-to-rough interface, and bed shear stress in the spanwise direction. In the transition from a uniform flow to a compound flow over parallel roughness lanes, transverse volume transport occurs mainly in the first 4 meter (twice the width of the flume), with a maximum velocity at the start of the parallel roughness section. The development length of the velocity profiles can be scaled to the depth of flow. The vertical profiles outside the mixing layer develop in about 25 times the water depth; the mixing layer at mid depth in about 50 water depths. The secondary circulation was estimated to be fully developed after 80 water depths, but has already a significant momentum transport at half of this distance. Furthermore, the depth averaged transverse mass transport causes a gradient in the advected longitudinal momentum and therefore the water level slope is even more increased above the start of a parallel rough bottom. As a typical example of repetitive changing roughness, the flow over a roughness pattern resembling an elongated checkerboard pattern was tested. The flow appeared to develop much slower in each section than over a single parallel (infinitely long) roughness. The maximum velocity remains close to the smooth-to-rough interface and no secondary flow is observed in this configuration. Turbulent mixing is neither very effective since the vortices are changing direction not before 1 meter after a roughness change. Nevertheless, the effective friction is seriously increased by this configuration; about 30% additional friction is observed in comparison with a developed parallel flow without transverse interaction. This can be explained by the large adaptation length of the flow relative to the size of the checkerboard fields. The flow velocity is relatively large over the rough fields, and slow over the smooth fields, causing the additional drag.","mixing layers; bed roughness; abrupt roughness changes; hydraulic roughness","en","master thesis","","","","","","","","","Civil Engineering and Geosciences","Water Management","","Hydrology and Quantitative Water Management","",""
"uuid:4f01e1d8-2f01-44ab-929d-7137a67b6aa7","http://resolver.tudelft.nl/uuid:4f01e1d8-2f01-44ab-929d-7137a67b6aa7","Urban architecture, hybrid buildings: Studio Beveren","Van der Lans, I.","Van Reeth, B. (mentor); Vermeulen, P. (mentor); Somers, D. (mentor); Mihl, H. (mentor); Fernandez Maldonado, M. (mentor)","2008","Met als bijlage: A0 poster","","nl","master thesis","TU Delft, Architecture","","","","","","","","Architecture","","","","",""
